state_abrev,county,area_name,tract_pop,pct_nh_white,pct_black,pct_hispanic,pct_asian,pct_nativeamerican,median_age,median_household_income,pct_college_grad,predicted_obesity,predicted_diabetes
ma,1,"Barnstable Town city, Barnstable County, Massachusetts",44750,0.889653631,0.033139665,0.035888268,0.008156425,0.004134078,47.9,58933,0.374925515,0.227005256,0.104669515
ma,1,"Bourne town, Barnstable County, Massachusetts",19749,0.914020963,0.030634463,0.028811585,0.006835789,0.004354651,47.7,63664,0.339878514,0.234447581,0.10600772
ma,1,"Brewster town, Barnstable County, Massachusetts",9858,0.969162102,0.007912355,0.012680057,0.003043214,0.001217285,54.7,66306,0.501968504,0.196459814,0.106423975
ma,1,"Chatham town, Barnstable County, Massachusetts",6129,0.909283733,0.059389786,0.021536955,0.006689509,0,57.4,63299,0.484085415,0.19945327,0.118782878
ma,1,"Dennis town, Barnstable County, Massachusetts",14113,0.921349111,0.031885496,0.020902714,0.007298236,0.003967973,55.2,50860,0.374559238,0.220298005,0.119979673
ma,1,"Eastham town, Barnstable County, Massachusetts",4932,0.964517437,0,0.02108678,0.010948905,0.003041363,56.6,62452,0.428851335,0.206834121,0.116134676
ma,1,"Falmouth town, Barnstable County, Massachusetts",31576,0.875158348,0.039175323,0.020680263,0.034519889,0.004243729,51.6,64070,0.444048318,0.209704032,0.107237704
ma,1,"Harwich town, Barnstable County, Massachusetts",12205,0.920606309,0.019500205,0.0182712,0.02548136,0.000737403,50.9,67332,0.405238501,0.216940241,0.106293397
ma,1,"Mashpee town, Barnstable County, Massachusetts",13988,0.895195882,0.015584787,0.027666571,0.010080069,0.024663998,50.5,65768,0.336291631,0.231917337,0.113375428
ma,1,"Orleans town, Barnstable County, Massachusetts",5874,0.967994552,0.005788219,0.018045625,0.002723868,0,62,58235,0.493761141,0.191399644,0.124009678
ma,1,"Provincetown town, Barnstable County, Massachusetts",2959,0.886110172,0.037512673,0.050692802,0.010476512,0.00337952,54.3,41250,0.516981132,0.194534819,0.10980453
ma,1,"Sandwich town, Barnstable County, Massachusetts",20605,0.961950983,0.002523659,0.019606892,0.006406212,0,45.3,84167,0.427642617,0.217878715,0.092378552
ma,1,"Truro town, Barnstable County, Massachusetts",1738,0.964326812,0,0.016110472,0,0.016685846,57.6,58060,0.49344692,0.195487095,0.11481449
ma,1,"Wellfleet town, Barnstable County, Massachusetts",3011,0.965127864,0.013284623,0.000996347,0,0,62.2,45746,0.566449636,0.180217058,0.118110261
ma,1,"Yarmouth town, Barnstable County, Massachusetts",23680,0.927238176,0.020016892,0.02035473,0.017525338,0.001224662,51.5,55858,0.308835277,0.23591464,0.114850695
ma,3,"Adams town, Berkshire County, Massachusetts",8382,0.9634932,0.00691959,0.009544262,0,0.002863278,43.4,41807,0.20569407,0.26819126,0.102802775
ma,3,"Alford town, Berkshire County, Massachusetts",471,0.968152866,0.010615711,0.006369427,0.006369427,0,56.8,91250,0.503957784,0.194435019,0.110520657
ma,3,"Becket town, Berkshire County, Massachusetts",1790,0.95698324,0.005586592,0.015642458,0.002793296,0.002234637,51,64152,0.393854749,0.219429657,0.106152359
ma,3,"Cheshire town, Berkshire County, Massachusetts",3211,0.984428527,0.007162878,0.006228589,0,0,47.8,54741,0.214773698,0.260997085,0.111119777
ma,3,"Clarksburg town, Berkshire County, Massachusetts",1580,0.988607595,0.003164557,0,0.002531646,0,49.4,57375,0.217202433,0.258410877,0.113771642
ma,3,"Dalton town, Berkshire County, Massachusetts",6735,0.952487008,0.008314774,0.031922791,0.00074239,0.001633259,47,47500,0.317559153,0.238591066,0.10418604
ma,3,"Egremont town, Berkshire County, Massachusetts",1062,0.974576271,0.001883239,0.011299435,0,0,58.2,54556,0.445930881,0.203065243,0.117667481
ma,3,"Florida town, Berkshire County, Massachusetts",788,0.918781726,0.017766497,0.020304569,0.003807107,0,46,52313,0.187183811,0.269575091,0.111001429
ma,3,"Great Barrington town, Berkshire County, Massachusetts",7029,0.787167449,0.01266183,0.129321383,0.016929862,0.001707213,43.7,52026,0.398882219,0.222125415,0.098709399
ma,3,"Hancock town, Berkshire County, Massachusetts",726,0.964187328,0.006887052,0,0.006887052,0.008264463,42.6,80395,0.277456647,0.252768713,0.096456464
ma,3,"Hinsdale town, Berkshire County, Massachusetts",2161,0.970384081,0.009717723,0.00740398,0,0.007866728,46.6,63953,0.257362356,0.253119306,0.106621566
ma,3,"Lanesborough town, Berkshire County, Massachusetts",3064,0.95691906,0,0,0.035900783,0,41.6,72708,0.34744186,0.236546542,0.089071347
ma,3,"Lee town, Berkshire County, Massachusetts",5922,0.94224924,0.001688619,0.029888551,0.02617359,0,45.1,59019,0.397660819,0.222614802,0.094390213
ma,3,"Lenox town, Berkshire County, Massachusetts",5043,0.920483839,0.010311323,0.025976601,0.030735673,0.002181241,56.1,51201,0.466001575,0.20015499,0.113351481
ma,3,"Monterey town, Berkshire County, Massachusetts",777,0.954954955,0.014157014,0.016731017,0,0,54.6,48750,0.479365079,0.200815577,0.108455879
ma,3,"Mount Washington town, Berkshire County, Massachusetts",151,0.920529801,0.046357616,0.006622517,0,0.006622517,60.3,65417,0.422222222,0.20811881,0.129469253
ma,3,"New Ashford town, Berkshire County, Massachusetts",238,0.945378151,0.021008403,0.021008403,0.008403361,0,47,73750,0.425414365,0.217588635,0.097185021
ma,3,"New Marlborough town, Berkshire County, Massachusetts",1497,0.950567802,0.006680027,0.017368069,0.012024048,0,53.1,64559,0.425925926,0.210899916,0.10839927
ma,3,"North Adams city, Berkshire County, Massachusetts",13563,0.919634299,0.02093932,0.03214628,0.00250682,0.00560348,42.3,37654,0.211429184,0.268303172,0.103015587
ma,3,"Otis town, Berkshire County, Massachusetts",1470,0.944217687,0.006122449,0.02244898,0.021088435,0,49,55833,0.263707572,0.246994317,0.111308872
ma,3,"Peru town, Berkshire County, Massachusetts",871,0.947187141,0.012629162,0.006888634,0.003444317,0.003444317,46.5,68971,0.260869565,0.25231925,0.105886074
ma,3,"Pittsfield city, Berkshire County, Massachusetts",44226,0.850404739,0.059806449,0.052638719,0.014448514,0.001944558,43.2,43489,0.260029301,0.257193325,0.105665633
ma,3,"Richmond town, Berkshire County, Massachusetts",1535,0.962214984,0.001302932,0.016286645,0.00781759,0.008469055,55.4,77396,0.475767367,0.199982279,0.110313672
ma,3,"Sandisfield town, Berkshire County, Massachusetts",896,0.908482143,0,0.013392857,0.040178571,0.002232143,48.1,56250,0.339312407,0.231021772,0.103180813
ma,3,"Savoy town, Berkshire County, Massachusetts",703,0.93029872,0.027027027,0.012802276,0,0,46.4,57222,0.182879377,0.271243922,0.112471408
ma,3,"Sheffield town, Berkshire County, Massachusetts",3230,0.963467492,0.00371517,0.006501548,0.015479876,0,49.1,50530,0.353153877,0.228786611,0.103929472
ma,3,"Stockbridge town, Berkshire County, Massachusetts",2127,0.906440997,0.027738599,0.018335684,0.01880583,0,51.1,57981,0.399511301,0.218599633,0.107723749
ma,3,"Tyringham town, Berkshire County, Massachusetts",418,0.988038278,0,0,0.007177033,0,60.9,77750,0.512747875,0.189097601,0.117896769
ma,3,"Washington town, Berkshire County, Massachusetts",546,0.985347985,0,0.001831502,0.012820513,0,54.6,69583,0.313432836,0.231323315,0.118467397
ma,3,"West Stockbridge town, Berkshire County, Massachusetts",1349,0.884358784,0.019273536,0.008895478,0.011119348,0.011860638,48.8,65455,0.501469148,0.20231866,0.096166249
ma,3,"Williamstown town, Berkshire County, Massachusetts",7624,0.844700944,0.024921301,0.042628541,0.044202518,0.011411333,34,73397,0.594831674,0.19689592,0.068880943
ma,3,"Windsor town, Berkshire County, Massachusetts",879,0.96814562,0.002275313,0.009101251,0,0,50.7,71731,0.323751891,0.233758804,0.109480119
ma,5,"Acushnet town, Bristol County, Massachusetts",10329,0.946558234,0.00019363,0.026914513,0.000677704,0,43.8,69570,0.230926709,0.260689768,0.102247044
ma,5,"Attleboro city, Bristol County, Massachusetts",43774,0.828299904,0.045209485,0.066020926,0.045346553,0.001005163,39.7,65141,0.301919894,0.248664704,0.095470296
ma,5,"Berkley town, Bristol County, Massachusetts",6492,0.953327172,0.002772643,0.02926679,0.000154036,0,40.3,84423,0.282150642,0.253178367,0.092467199
ma,5,"Dartmouth town, Bristol County, Massachusetts",34384,0.887011401,0.0250698,0.026814798,0.024080968,2.91E-05,40.6,68684,0.286374642,0.252133162,0.094220872
ma,5,"Dighton town, Bristol County, Massachusetts",7173,0.956503555,0.001115293,0.019796459,0.000557647,0.003903527,40.2,85326,0.346266779,0.239678371,0.088191689
ma,5,"Easton town, Bristol County, Massachusetts",23548,0.883811789,0.04212672,0.041956854,0.017368779,0,38.1,95372,0.49065232,0.213822719,0.080177577
ma,5,"Fairhaven town, Bristol County, Massachusetts",15971,0.9373239,0.002003632,0.00970509,0.024168806,0.000876589,46.4,60445,0.256085445,0.251499662,0.105060931
ma,5,"Fall River city, Bristol County, Massachusetts",88756,0.818603813,0.039422687,0.085842084,0.021350669,0.00192663,38.8,33763,0.137678453,0.288852359,0.105364877
ma,5,"Freetown town, Bristol County, Massachusetts",8957,0.965390198,0.003907558,0.007480183,0.000781512,0,42.4,87830,0.252873563,0.258139939,0.097051454
ma,5,"Mansfield town, Bristol County, Massachusetts",23389,0.866946,0.029928599,0.025140023,0.051990252,0.00141092,38.3,93082,0.51573753,0.207235607,0.077726711
ma,5,"New Bedford city, Bristol County, Massachusetts",94873,0.669716358,0.073645821,0.175413447,0.011647149,0.0046694,37.3,36813,0.152692888,0.286996659,0.110349821
ma,5,"North Attleborough town, Bristol County, Massachusetts",28779,0.919733139,0.017408527,0.019632371,0.033253414,0.000451718,38.5,81847,0.429882823,0.223606684,0.081399365
ma,5,"Norton town, Bristol County, Massachusetts",19280,0.934180498,0.014419087,0.009802905,0.027334025,0.000518672,39.5,80806,0.350041425,0.239244644,0.086771412
ma,5,"Raynham town, Bristol County, Massachusetts",13517,0.849522823,0.042613006,0.025819339,0.04298291,0,41,80056,0.329678518,0.242418767,0.09351208
ma,5,"Rehoboth town, Bristol County, Massachusetts",11742,0.978879237,0.002810424,0.004598876,0.004854369,0.00272526,43.7,85691,0.336412251,0.238377806,0.094331338
ma,5,"Seekonk town, Bristol County, Massachusetts",14131,0.951737315,0.013091784,0.013657915,0.017337768,0.000353832,44.4,74242,0.31459904,0.241894078,0.098143484
ma,5,"Somerset town, Bristol County, Massachusetts",18262,0.952141058,0.009254189,0.005640127,0.008761362,0,45.8,72558,0.266481509,0.251264179,0.103306785
ma,5,"Swansea town, Bristol County, Massachusetts",16005,0.969259606,0.00399875,0.011308966,0.005060918,0,45.4,77345,0.241946197,0.256874572,0.104096803
ma,5,"Taunton city, Bristol County, Massachusetts",56056,0.845208363,0.056479235,0.065880548,0.010525189,0.002319109,40.9,52225,0.184921221,0.277105227,0.10663968
ma,5,"Westport town, Bristol County, Massachusetts",15647,0.981657826,0.002364671,0.00153384,0.003387231,0.00025564,46.3,80840,0.302834496,0.242803384,0.101122489
ma,7,"Aquinnah town, Dukes County, Massachusetts",363,0.512396694,0.005509642,0,0.005509642,0.272727273,39.1,65833,0.46184739,0.226059838,0.10421576
ma,7,"Chilmark town, Dukes County, Massachusetts",905,0.966850829,0.006629834,0,0,0,50.3,67813,0.627094972,0.179718185,0.088816386
ma,7,"Edgartown town, Dukes County, Massachusetts",4186,0.959149546,0.015766842,0.003344482,0.002388915,0,49.2,56911,0.267312207,0.24819217,0.11095576
ma,7,"Gosnold town, Dukes County, Massachusetts",99,1,0,0,0,0,58.3,31406,0.369565217,0.21728178,0.122880482
ma,7,"Oak Bluffs town, Dukes County, Massachusetts",4599,0.941509024,0.026092629,0,0.02435312,0.002391824,46.4,80225,0.415129151,0.220319434,0.095981869
ma,7,"Tisbury town, Dukes County, Massachusetts",4036,0.935579782,0.020564916,0.002229931,0.004459861,0,39.7,42727,0.478359909,0.215097859,0.080046666
ma,7,"West Tisbury town, Dukes County, Massachusetts",2727,0.971763843,0.010267693,0.014668133,0.00330033,0,44.6,73843,0.470806794,0.211094793,0.08879229
ma,9,"Amesbury Town city, Essex County, Massachusetts",16554,0.925274858,0.008880029,0.016249849,0.013591881,0,42.2,76463,0.419094802,0.222640307,0.087512881
ma,9,"Andover town, Essex County, Massachusetts",34251,0.808034802,0.017225774,0.043239613,0.114303232,0.000408747,41.5,125321,0.704823064,0.169755775,0.073307383
ma,9,"Beverly city, Essex County, Massachusetts",40370,0.91280654,0.017463463,0.034803072,0.021253406,0.001040377,40.4,73980,0.454243529,0.217223123,0.084101065
ma,9,"Boxford town, Essex County, Massachusetts",8105,0.92350401,0,0.017766811,0.040468846,0,44.7,127813,0.597046414,0.18674518,0.081433161
ma,9,"Danvers town, Essex County, Massachusetts",27075,0.923028624,0.01289012,0.026592798,0.028513389,0.000627886,44.6,77404,0.414871079,0.220383205,0.093055772
ma,9,"Essex town, Essex County, Massachusetts",3580,0.968715084,0,0.00726257,0.009776536,0,46.6,89185,0.43456505,0.215357313,0.093476715
ma,9,"Georgetown town, Essex County, Massachusetts",8379,0.953693758,0.004654493,0.010144409,0.005489915,0.000835422,41.7,106898,0.493776671,0.209257417,0.081984678
ma,9,"Gloucester city, Essex County, Massachusetts",29237,0.941888703,0.007524712,0.02917536,0.005985566,0.001368129,47.2,60229,0.32676211,0.236216052,0.103704693
ma,9,"Groveland town, Essex County, Massachusetts",6805,0.952681852,0.006612785,0.025716385,0.014988979,0,45.6,92898,0.3515625,0.232295486,0.098375026
ma,9,"Hamilton town, Essex County, Massachusetts",8098,0.887873549,0.029760435,0.022845147,0.044331934,0,40.2,108558,0.701050263,0.174893583,0.0713131
ma,9,"Haverhill city, Essex County, Massachusetts",61769,0.767974227,0.024445919,0.174424064,0.012741019,0.001861775,38.4,61208,0.28695878,0.250469427,0.099163245
ma,9,"Ipswich town, Essex County, Massachusetts",13480,0.968323442,0.002522255,0.014094955,0.004970326,0.001557864,48.4,77901,0.486319153,0.204366954,0.09443911
ma,9,"Lawrence city, Essex County, Massachusetts",77364,0.177059097,0.069864536,0.75732899,0.032870586,0.003515847,31,34496,0.119326453,0.281088612,0.143565386
ma,9,"Lynn city, Essex County, Massachusetts",91289,0.435693238,0.124735729,0.342494715,0.07718345,0.002103211,33.9,47195,0.192957289,0.275049242,0.115833555
ma,9,"Lynnfield town, Essex County, Massachusetts",12058,0.923619174,0.011942279,0.019820866,0.034997512,0,45.7,114816,0.47331085,0.208145372,0.091047883
ma,9,"Manchester-by-the-Sea town, Essex County, Massachusetts",5247,0.973889842,0,0.021345531,0,0,48.4,89313,0.598029046,0.185108558,0.087876205
ma,9,"Marblehead town, Essex County, Massachusetts",20163,0.952437633,0.006993007,0.025740217,0.007588157,0,46.5,100709,0.697875026,0.170894041,0.079874162
ma,9,"Merrimac town, Essex County, Massachusetts",6536,0.977356181,0.003977968,0.020501836,0,0,44.4,80508,0.450066284,0.21482011,0.089548
ma,9,"Methuen Town city, Essex County, Massachusetts",48159,0.722191075,0.034510683,0.214352457,0.032787226,0.005004257,39.3,68587,0.287326787,0.247846855,0.104698882
ma,9,"Middleton town, Essex County, Massachusetts",9273,0.819368058,0.037959668,0.090046371,0.048527984,0.001617599,40.6,105646,0.359223301,0.234226723,0.09461941
ma,9,"Nahant town, Essex County, Massachusetts",3451,0.933932194,0.026658939,0.037380469,0.002028398,0,49.5,65083,0.481439394,0.205029346,0.099989336
ma,9,"Newbury town, Essex County, Massachusetts",6794,0.978804828,0.002943774,0.007065057,0.005004416,0,47.3,95827,0.583866309,0.188608908,0.086156972
ma,9,"Newburyport city, Essex County, Massachusetts",17662,0.942871702,0.007473672,0.02627109,0.011210508,0.000792662,46.1,83149,0.578139252,0.19009666,0.085825445
ma,9,"North Andover town, Essex County, Massachusetts",28963,0.854227808,0.016262128,0.050512723,0.065290198,0,41.2,100544,0.575183909,0.192310494,0.07959933
ma,9,"Peabody city, Essex County, Massachusetts",51868,0.864964911,0.024639469,0.07846842,0.023771882,0.001831572,44.9,62234,0.287809733,0.245583674,0.106253924
ma,9,"Rockport town, Essex County, Massachusetts",7078,0.947866629,0.015823679,0.021616276,0.005086183,0.002543091,51.8,70288,0.495777179,0.200194796,0.102126278
ma,9,"Rowley town, Essex County, Massachusetts",5995,0.979316097,0.015179316,0.013010842,0.003669725,0,45.1,85994,0.372148289,0.230053959,0.095934373
ma,9,"Salem city, Essex County, Massachusetts",42321,0.744240448,0.062593039,0.159589802,0.021738617,0.00354434,37.1,59044,0.380812952,0.234255835,0.092808346
ma,9,"Salisbury town, Essex County, Massachusetts",8495,0.9458505,0.009064155,0.008475574,0.018128311,0,45.2,75995,0.297301771,0.244593376,0.100194099
ma,9,"Saugus town, Essex County, Massachusetts",27369,0.902773211,0.020789945,0.038876101,0.024224488,0,44.8,76141,0.25008622,0.254891426,0.105465478
ma,9,"Swampscott town, Essex County, Massachusetts",13912,0.916043703,0.011357102,0.045787809,0.014232317,0.001509488,44.4,96494,0.568303256,0.192803045,0.084835152
ma,9,"Topsfield town, Essex County, Massachusetts",6286,0.945434298,0.000477251,0.000477251,0.039930003,0,45.6,121157,0.604651163,0.185209599,0.081632791
ma,9,"Wenham town, Essex County, Massachusetts",5039,0.938281405,0.01627307,0.01528081,0.019646755,0,24.6,116875,0.638665595,0.198394525,0.053445607
ma,9,"West Newbury town, Essex County, Massachusetts",4370,0.951258581,0.000457666,0.03409611,0.003432494,0,44,122969,0.57793345,0.191658667,0.082187025
ma,11,"Ashfield town, Franklin County, Massachusetts",1749,0.966838193,0.001715266,0.002858776,0.002287021,0,47,71364,0.46692607,0.209489629,0.09211813
ma,11,"Bernardston town, Franklin County, Massachusetts",2173,0.922227335,0.005522319,0.039116429,0.020248504,0,50.1,59167,0.269916766,0.243968858,0.114502209
ma,11,"Buckland town, Franklin County, Massachusetts",1961,0.985721571,0,0.004079551,0,0.007649159,46.6,52356,0.332417582,0.236441066,0.100520379
ma,11,"Charlemont town, Franklin County, Massachusetts",1218,0.955665025,0.006568144,0.009852217,0.004926108,0,48.6,49000,0.26745435,0.247889765,0.109298765
ma,11,"Colrain town, Franklin County, Massachusetts",1680,0.933928571,0.004166667,0.010119048,0.014285714,0.004166667,46.1,46452,0.243307087,0.255463014,0.105862429
ma,11,"Conway town, Franklin County, Massachusetts",1663,0.959110042,0.004810583,0.010823812,0.004810583,0,52,79286,0.534536892,0.192968641,0.098193441
ma,11,"Deerfield town, Franklin County, Massachusetts",5097,0.916617618,0.005297234,0.026093781,0.016087895,0.004512458,45.4,75307,0.474973376,0.208571111,0.090720885
ma,11,"Erving town, Franklin County, Massachusetts",1832,0.918668122,0.023471616,0.031113537,0.010371179,0.001091703,40.7,61083,0.206682207,0.27091166,0.099728147
ma,11,"Gill town, Franklin County, Massachusetts",1573,0.919898284,0.000635728,0.05785124,0,0,47.8,75776,0.410981697,0.217847191,0.100500322
ma,11,"Greenfield Town city, Franklin County, Massachusetts",17484,0.888698238,0.017787692,0.060855639,0.018073667,0.000857927,42.8,48493,0.270727712,0.251990238,0.101213736
ma,11,"Hawley town, Franklin County, Massachusetts",435,0.970114943,0,0.009195402,0.016091954,0,49.9,68000,0.340490798,0.230211888,0.10637753
ma,11,"Heath town, Franklin County, Massachusetts",629,0.958664547,0,0.023847377,0.00317965,0,50.8,56458,0.341052632,0.229414372,0.10930259
ma,11,"Leverett town, Franklin County, Massachusetts",1836,0.923747277,0.032135076,0.025054466,0.017429194,0,50.8,78125,0.64882227,0.175878482,0.091646842
ma,11,"Leyden town, Franklin County, Massachusetts",650,0.993846154,0,0.006153846,0,0,52.8,74375,0.385057471,0.219404858,0.109317842
ma,11,"Monroe town, Franklin County, Massachusetts",118,0.983050847,0,0,0,0,45,32083,0.186813187,0.270511189,0.10596154
ma,11,"Montague town, Franklin County, Massachusetts",8394,0.897188468,0.007147963,0.048129616,0.013819395,0.008220157,43.3,47236,0.285806348,0.248306364,0.100349437
ma,11,"New Salem town, Franklin County, Massachusetts",1089,0.96969697,0.013774105,0.003673095,0.004591368,0,45.9,78667,0.385786802,0.226648699,0.095946905
ma,11,"Northfield town, Franklin County, Massachusetts",3031,0.950181458,0.001979545,0.023094688,0.021115144,0,45.2,60721,0.401521934,0.222208207,0.09395347
ma,11,"Orange town, Franklin County, Massachusetts",7793,0.954061337,0.007057616,0.016296677,0.011035545,0.003464648,42.1,41473,0.154952961,0.281166089,0.104052846
ma,11,"Rowe town, Franklin County, Massachusetts",452,0.951327434,0.006637168,0.026548673,0.002212389,0,48.3,54375,0.28164557,0.244777164,0.108797076
ma,11,"Shelburne town, Franklin County, Massachusetts",1979,0.981808994,0.003031834,0,0.004042446,0,50.8,54167,0.444869344,0.210131502,0.100806922
ma,11,"Shutesbury town, Franklin County, Massachusetts",1804,0.889689579,0.007206208,0.054323725,0.007206208,0.002771619,46.4,73173,0.654643131,0.177059798,0.083765259
ma,11,"Sunderland town, Franklin County, Massachusetts",3683,0.819983709,0.016562585,0.046701059,0.089872387,0.006244909,26.7,50417,0.614001892,0.197278752,0.058194099
ma,11,"Warwick town, Franklin County, Massachusetts",695,0.953956835,0,0.025899281,0.014388489,0,55.6,54911,0.348353553,0.222602191,0.119977201
ma,11,"Wendell town, Franklin County, Massachusetts",898,0.878619154,0.070155902,0.008908686,0.017817372,0.008908686,51.9,38636,0.429945055,0.214962098,0.111190209
ma,11,"Whately town, Franklin County, Massachusetts",1384,0.950867052,0.00216763,0.021676301,0.007947977,0,49.5,75982,0.415774099,0.2160012,0.101421608
ma,13,"Agawam Town city, Hampden County, Massachusetts",28626,0.891951373,0.011947181,0.05627751,0.023335429,0.006672256,44.3,63561,0.27845706,0.248318908,0.103638584
ma,13,"Blandford town, Hampden County, Massachusetts",1186,0.989038786,0,0.002529511,0.005902192,0,47.7,72361,0.274800456,0.247020152,0.105788979
ma,13,"Brimfield town, Hampden County, Massachusetts",3667,0.987728388,0,0.012271612,0,0,46,82365,0.418894178,0.219248634,0.093606161
ma,13,"Chester town, Hampden County, Massachusetts",1528,0.937172775,0.009816754,0.029450262,0.007853403,0,40.8,65648,0.172316384,0.278293072,0.100921651
ma,13,"Chicopee city, Hampden County, Massachusetts",55603,0.770641872,0.031778861,0.167239178,0.01402802,0.000521555,40.1,47276,0.177553536,0.274367807,0.11019824
ma,13,"East Longmeadow town, Hampden County, Massachusetts",15917,0.909656342,0.03593642,0.029716655,0.016209085,0.000376955,45.6,84173,0.398417582,0.224446138,0.09785383
ma,13,"Granville town, Hampden County, Massachusetts",1518,0.984848485,0.002635046,0.005270092,0,0,47.3,75208,0.29787234,0.242872505,0.103757145
ma,13,"Hampden town, Hampden County, Massachusetts",5174,0.975840742,0.004445303,0.009856977,0,0,48.8,78722,0.358823529,0.22865823,0.103199504
ma,13,"Holland town, Hampden County, Massachusetts",2491,0.926535528,0.021678041,0.041750301,0.002007226,0,43.9,64868,0.312331718,0.243393955,0.099685638
ma,13,"Holyoke city, Hampden County, Massachusetts",40079,0.460989546,0.045061005,0.469797151,0.016542329,0.004690736,35.6,35550,0.231760311,0.257873604,0.119594815
ma,13,"Longmeadow town, Hampden County, Massachusetts",15858,0.883844117,0.008008576,0.03651154,0.062618237,0,46.1,108835,0.642936288,0.177362212,0.082767704
ma,13,"Ludlow town, Hampden County, Massachusetts",21288,0.914881623,0.01568959,0.053504322,0.007046223,0.001127396,44.8,61410,0.211778173,0.263821556,0.108861125
ma,13,"Monson town, Hampden County, Massachusetts",8660,0.956928406,0.005427252,0.01408776,0.002771363,0,47,66389,0.286034235,0.245500282,0.10474609
ma,13,"Montgomery town, Hampden County, Massachusetts",950,0.987368421,0,0,0.005263158,0,46.3,78333,0.375358166,0.227598205,0.096138954
ma,13,"Palmer Town city, Hampden County, Massachusetts",12155,0.959276018,0.004278075,0.02575072,0.000822707,0,42.3,51846,0.206912442,0.268326353,0.101017355
ma,13,"Russell town, Hampden County, Massachusetts",1532,0.88381201,0.005221932,0.07310705,0.002610966,0,43.4,68750,0.256410256,0.254123574,0.103135392
ma,13,"Southwick town, Hampden County, Massachusetts",9599,0.961558496,0.00041671,0.005104698,0.016043338,0,43.9,81967,0.325107775,0.239719492,0.095007609
ma,13,"Springfield city, Hampden County, Massachusetts",153836,0.346154346,0.215801243,0.414356848,0.021321407,0.004927325,32.3,34731,0.178885884,0.288112871,0.127438995
ma,13,"Tolland town, Hampden County, Massachusetts",569,0.917398946,0.003514938,0.019332162,0.015817223,0.026362039,46.7,85750,0.414285714,0.219494682,0.098523039
ma,13,"Wales town, Hampden County, Massachusetts",1923,0.983879355,0.003640146,0.001560062,0,0.004680187,44.8,52500,0.18085855,0.27254381,0.106858076
ma,13,"Westfield city, Hampden County, Massachusetts",41371,0.846631699,0.020714994,0.084672838,0.028933311,0.00048343,36.8,60845,0.302194819,0.250491514,0.089381057
ma,13,"West Springfield Town city, Hampden County, Massachusetts",28554,0.798276949,0.031063949,0.096588919,0.041675422,0.011837221,39.6,52806,0.284919906,0.251214006,0.098269265
ma,13,"Wilbraham town, Hampden County, Massachusetts",14363,0.928775325,0.021443988,0.024994778,0.011348604,0,48.1,87303,0.436090963,0.214298955,0.098954234
ma,15,"Amherst town, Hampshire County, Massachusetts",39260,0.730769231,0.054381049,0.067447784,0.122465614,0.003387672,21.4,52537,0.693877551,0.18817013,0.051626916
ma,15,"Belchertown town, Hampshire County, Massachusetts",14774,0.924529579,0.011439014,0.025517802,0.018343035,0,41.8,74221,0.388448016,0.228780668,0.08927166
ma,15,"Chesterfield town, Hampshire County, Massachusetts",1221,0.97952498,0,0.008190008,0,0,47.5,63594,0.421052632,0.217507948,0.096089037
ma,15,"Cummington town, Hampshire County, Massachusetts",925,0.940540541,0.033513514,0.020540541,0,0.005405405,48.5,50521,0.438746439,0.214887406,0.100772456
ma,15,"Easthampton Town city, Hampshire County, Massachusetts",16066,0.893439562,0.007904892,0.044815138,0.035042948,0,44.6,56927,0.307735606,0.240952304,0.100539757
ma,15,"Goshen town, Hampshire County, Massachusetts",1151,0.962641182,0,0.017376195,0.014769765,0,46.4,69219,0.375,0.226615681,0.097432214
ma,15,"Granby town, Hampshire County, Massachusetts",6301,0.935883193,0,0.058720838,0,0,44.1,78261,0.322207388,0.239333202,0.09887523
ma,15,"Hadley town, Hampshire County, Massachusetts",5285,0.912582781,0.026679281,0.046736045,0.011163671,0,45.6,74737,0.451262626,0.213509642,0.09484981
ma,15,"Hatfield town, Hampshire County, Massachusetts",3293,0.952930459,0.012754327,0.012146978,0.018220468,0,50.1,60033,0.361956103,0.226263466,0.10654931
ma,15,"Huntington town, Hampshire County, Massachusetts",2034,0.900196657,0.033923304,0.023107178,0,0,44,52275,0.161064426,0.27956601,0.110004752
ma,15,"Middlefield town, Hampshire County, Massachusetts",514,0.953307393,0,0,0,0.042801556,55.5,78214,0.233256351,0.249414651,0.13265156
ma,15,"Northampton city, Hampshire County, Massachusetts",28637,0.812654957,0.028808884,0.076369731,0.066242972,0.000872996,38.9,58179,0.559551947,0.196938972,0.07888207
ma,15,"Pelham town, Hampshire County, Massachusetts",1350,0.861481481,0.028888889,0.095555556,0.00962963,0,50.4,88462,0.589194699,0.18421898,0.098646596
ma,15,"Plainfield town, Hampshire County, Massachusetts",605,0.917355372,0.021487603,0.008264463,0.018181818,0.001652893,51.6,57188,0.447826087,0.209040771,0.104424534
ma,15,"Southampton town, Hampshire County, Massachusetts",5958,0.971299094,0.006377979,0.003021148,0,0,44.3,68693,0.291382954,0.247805675,0.098230821
ma,15,"South Hadley town, Hampshire County, Massachusetts",17745,0.874274444,0.03798253,0.046379262,0.026599042,0.000901662,41,62803,0.386317223,0.230614087,0.091061299
ma,15,"Ware town, Hampshire County, Massachusetts",9886,0.95144649,0.00192191,0.021343314,0.003236901,0.001314991,42.7,49630,0.225189726,0.263475752,0.100293254
ma,15,"Westhampton town, Hampshire County, Massachusetts",1586,0.931273644,0,0.047919294,0.010718789,0.002522068,48.6,79583,0.341880342,0.23048297,0.106404589
ma,15,"Williamsburg town, Hampshire County, Massachusetts",2583,0.940379404,0.004645761,0.04026326,0.002710027,0,49.3,65147,0.438534872,0.21179121,0.100900952
ma,15,"Worthington town, Hampshire County, Massachusetts",1154,0.955805893,0.002599653,0.008665511,0.009532062,0,52.8,71300,0.370053476,0.221943608,0.110794674
ma,17,"Acton town, Middlesex County, Massachusetts",22614,0.745998054,0.006898382,0.019633855,0.206641903,0.001459273,41.9,120865,0.743173335,0.160668987,0.070504635
ma,17,"Arlington town, Middlesex County, Massachusetts",43728,0.826358397,0.021244969,0.038442188,0.089896634,0.002950055,41.9,92338,0.673371471,0.175478142,0.075633994
ma,17,"Ashby town, Middlesex County, Massachusetts",3147,0.967270416,0.00540197,0.015570384,0.011757229,0,45.8,83917,0.254945055,0.253100359,0.104445217
ma,17,"Ashland town, Middlesex County, Massachusetts",16985,0.847277009,0.028377981,0.031262879,0.073358846,0,41.6,102721,0.5963891,0.189136128,0.078895779
ma,17,"Ayer town, Middlesex County, Massachusetts",7716,0.843960601,0.032529808,0.054950752,0.029548989,0.000648004,38.6,67110,0.361512792,0.237449884,0.088279127
ma,17,"Bedford town, Middlesex County, Massachusetts",13788,0.814258776,0.01581085,0.045329272,0.113214389,0,43.3,114676,0.660458303,0.17504797,0.078240894
ma,17,"Belmont town, Middlesex County, Massachusetts",25173,0.782584515,0.023556986,0.051563183,0.121320462,0.001072578,40.7,105859,0.712443658,0.169074565,0.072559411
ma,17,"Billerica town, Middlesex County, Massachusetts",41446,0.89280027,0.017130724,0.028470781,0.04772475,0.000289533,40.8,93761,0.322349962,0.24228364,0.091961117
ma,17,"Boxborough town, Middlesex County, Massachusetts",5102,0.780282242,0.00372403,0.005292042,0.19502156,0,42.6,103996,0.78561354,0.154810949,0.068641339
ma,17,"Burlington town, Middlesex County, Massachusetts",25190,0.780865423,0.037038507,0.019809448,0.141048035,0,41.8,95465,0.473262326,0.208299402,0.085804748
ma,17,"Cambridge city, Middlesex County, Massachusetts",106844,0.630367639,0.11112463,0.074051889,0.148974205,0.001871888,30.5,75909,0.746529078,0.173991905,0.062732049
ma,17,"Carlisle town, Middlesex County, Massachusetts",4967,0.87235756,0.010066438,0.013891685,0.07690759,0.001811959,48.5,157500,0.808715999,0.151759421,0.077073896
ma,17,"Chelmsford town, Middlesex County, Massachusetts",34495,0.873923757,0.004406436,0.027482244,0.081113205,0.002290187,44.4,93643,0.496301893,0.202587898,0.087499022
ma,17,"Concord town, Middlesex County, Massachusetts",18834,0.841032176,0.030954656,0.047626633,0.053520229,0.000159286,46.7,132385,0.670591677,0.173773556,0.084337828
ma,17,"Dracut town, Middlesex County, Massachusetts",30350,0.857792422,0.028896211,0.051960461,0.049785832,0.000658979,40.1,76786,0.243597014,0.260395071,0.097830531
ma,17,"Dunstable town, Middlesex County, Massachusetts",3299,0.946347378,0,0.002728099,0.032737193,0,45.3,116125,0.537078652,0.197040379,0.084903135
ma,17,"Everett city, Middlesex County, Massachusetts",42758,0.544085317,0.16867019,0.208452219,0.039992516,0.001800833,35.6,51056,0.160775803,0.291116617,0.116164827
ma,17,"Framingham town, Middlesex County, Massachusetts",69900,0.676366237,0.080429185,0.1409299,0.073991416,0.001130186,37.5,68881,0.460648579,0.216963903,0.088726488
ma,17,"Groton town, Middlesex County, Massachusetts",10997,0.925525143,0.010457397,0.017186505,0.036373556,0.001909612,44.3,116686,0.666302865,0.176702624,0.077941065
ma,17,"Holliston town, Middlesex County, Massachusetts",14008,0.934251856,0.007281553,0.025628212,0.020702456,0,42.6,108350,0.60035918,0.188897783,0.078722265
ma,17,"Hopkinton town, Middlesex County, Massachusetts",15604,0.909638554,0.007305819,0.01640605,0.050563958,0,40.3,128267,0.6495,0.181773376,0.072353044
ma,17,"Hudson town, Middlesex County, Massachusetts",19464,0.885018496,0.009350596,0.036374846,0.023941636,0.001027538,43,74082,0.365575605,0.231521526,0.093430528
ma,17,"Lexington town, Middlesex County, Massachusetts",32306,0.721599703,0.011391073,0.018386677,0.219216245,0.001888194,45.4,137456,0.767128838,0.154714086,0.074704607
ma,17,"Lincoln town, Middlesex County, Massachusetts",7181,0.796685698,0.039688066,0.070742236,0.068792647,0,38.4,127763,0.754041819,0.166799961,0.069017926
ma,17,"Littleton town, Middlesex County, Massachusetts",9157,0.908376106,0.002620946,0.010592989,0.047177023,0,43.6,111652,0.595642023,0.187902164,0.079516858
ma,17,"Lowell city, Middlesex County, Massachusetts",108491,0.502557816,0.069544939,0.181839968,0.209362989,0.003106248,33.2,49164,0.2156358,0.264371624,0.097442916
ma,17,"Malden city, Middlesex County, Massachusetts",60309,0.476860833,0.132119584,0.111243761,0.237742294,0.002371122,35.8,55523,0.3168657,0.243603867,0.096282195
ma,17,"Marlborough city, Middlesex County, Massachusetts",39141,0.742801666,0.020541121,0.127538898,0.045629902,0.001047495,40,71424,0.391992021,0.226218721,0.092425588
ma,17,"Maynard town, Middlesex County, Massachusetts",10314,0.868043436,0.0268567,0.037133993,0.044502618,0,42.7,79252,0.502453906,0.205490522,0.086002511
ma,17,"Medford city, Middlesex County, Massachusetts",56981,0.759428581,0.091574384,0.046085537,0.074410769,0.001948018,36.1,77868,0.44973249,0.223657188,0.082533889
ma,17,"Melrose city, Middlesex County, Massachusetts",27509,0.883129158,0.026282308,0.038678251,0.041259224,0.000145407,41.4,86409,0.505104809,0.206262064,0.083693512
ma,17,"Natick town, Middlesex County, Massachusetts",34230,0.843821209,0.015512708,0.03190184,0.092608823,0.002424774,41.7,98902,0.662463548,0.177091423,0.075182502
ma,17,"Newton city, Middlesex County, Massachusetts",86945,0.751360055,0.036206797,0.053562597,0.133521192,0.000483064,40.2,118639,0.759224361,0.16266202,0.070390489
ma,17,"North Reading town, Middlesex County, Massachusetts",15249,0.894419306,0.009115352,0.016919142,0.062561479,0.002623123,43.2,112419,0.508357825,0.20283579,0.084500311
ma,17,"Pepperell town, Middlesex County, Massachusetts",11782,0.926752674,0.006620268,0.029621456,0.016465795,0,42.3,77767,0.349701221,0.235878737,0.092394043
ma,17,"Reading town, Middlesex County, Massachusetts",25176,0.909795043,0.011081983,0.028201462,0.042858278,0.000913568,41.3,103913,0.568251224,0.194641846,0.078748385
ma,17,"Sherborn town, Middlesex County, Massachusetts",4200,0.931190476,0,0.01,0.048571429,0,46,155564,0.829320877,0.15124279,0.071442964
ma,17,"Shirley town, Middlesex County, Massachusetts",7404,0.715829281,0.093057807,0.149243652,0.008643976,0.000270124,40.3,66453,0.240624439,0.264344848,0.109958814
ma,17,"Somerville city, Middlesex County, Massachusetts",77560,0.707851986,0.074729242,0.094597731,0.095268179,0.0028623,31.3,66866,0.555046118,0.205155897,0.071284597
ma,17,"Stoneham town, Middlesex County, Massachusetts",21611,0.916847902,0.01457591,0.028735366,0.03252973,0.000277636,45,76218,0.401708876,0.22239413,0.094838382
ma,17,"Stow town, Middlesex County, Massachusetts",6841,0.922087414,0,0.033913171,0.022218974,0.002046484,43.5,131500,0.647222222,0.180020055,0.07788081
ma,17,"Sudbury town, Middlesex County, Massachusetts",18197,0.874045172,0.000439633,0.020827609,0.080727592,0.000714403,43.7,169505,0.784376312,0.157661204,0.07081052
ma,17,"Tewksbury town, Middlesex County, Massachusetts",29718,0.92051955,0.017968908,0.017531462,0.025035332,0.002422774,44,87496,0.325881301,0.239779597,0.097446709
ma,17,"Townsend town, Middlesex County, Massachusetts",9183,0.94250245,0.000762278,0.017205706,0.021452684,0.002722422,39.6,82674,0.345501534,0.239407529,0.08690376
ma,17,"Tyngsborough town, Middlesex County, Massachusetts",11867,0.896098424,0.005224572,0.027808208,0.054773742,0.00219095,41,93108,0.397277076,0.225664876,0.087246804
ma,17,"Wakefield town, Middlesex County, Massachusetts",25835,0.930327076,0.005999613,0.025740275,0.031043159,0.000658022,42,85156,0.452649591,0.215145743,0.085654859
ma,17,"Waltham city, Middlesex County, Massachusetts",61908,0.659010144,0.06130064,0.140660335,0.114040189,0.000872262,33.5,73162,0.484145674,0.213369276,0.079405483
ma,17,"Watertown Town city, Middlesex County, Massachusetts",32880,0.780322384,0.032542579,0.083819951,0.073874696,0.002159367,38.5,86461,0.576924588,0.19401342,0.078058345
ma,17,"Wayland town, Middlesex County, Massachusetts",13294,0.84398977,0.010606289,0.02489845,0.11177975,0,46.6,142306,0.790578764,0.154099465,0.075489169
ma,17,"Westford town, Middlesex County, Massachusetts",22854,0.799553689,0.00560077,0.02647239,0.147807824,0,42.5,125143,0.694519989,0.169158984,0.073811268
ma,17,"Weston town, Middlesex County, Massachusetts",11704,0.79391661,0.025717703,0.042634997,0.11619959,0,43.2,201200,0.814297341,0.153297973,0.071015586
ma,17,"Wilmington town, Middlesex County, Massachusetts",22907,0.913126992,0.008730956,0.017199983,0.045881172,0,41.9,100536,0.373120905,0.230488965,0.089688487
ma,17,"Winchester town, Middlesex County, Massachusetts",21863,0.847367699,0.007821433,0.015185473,0.116360975,0.000274436,43.1,141829,0.702363724,0.169033535,0.07393714
ma,17,"Woburn city, Middlesex County, Massachusetts",38826,0.829366919,0.0472879,0.042651831,0.064544377,0.000206047,40.3,77883,0.352580713,0.23700517,0.092162321
ma,19,"Nantucket town, Nantucket County, Massachusetts",10414,0.778183215,0.081332821,0.07230651,0.012483196,9.60E-05,39.9,86529,0.457116304,0.220121114,0.089294482
ma,21,"Avon town, Norfolk County, Massachusetts",4421,0.771092513,0.135942095,0.033024203,0.050214884,0.003166704,43.9,78750,0.241445475,0.264440812,0.11368911
ma,21,"Bellingham town, Norfolk County, Massachusetts",16564,0.93232311,0.006157933,0.015213716,0.030910408,0,41.6,87417,0.285470085,0.249997808,0.094109275
ma,21,"Braintree Town city, Norfolk County, Massachusetts",36543,0.825137509,0.047587773,0.027146102,0.077962948,0.000301015,40.7,87500,0.369826224,0.232821048,0.090987453
ma,21,"Brookline town, Norfolk County, Massachusetts",59016,0.734089061,0.026958791,0.05606954,0.1632947,0.000576115,35,93640,0.808314712,0.157934102,0.061058736
ma,21,"Canton town, Norfolk County, Massachusetts",22036,0.813532402,0.063033218,0.039843892,0.067026684,0,42.5,90878,0.524544884,0.202547149,0.086945688
ma,21,"Cohasset town, Norfolk County, Massachusetts",8100,0.98654321,0.001975309,0.005432099,0,0,43.2,117679,0.687233648,0.175516945,0.074006042
ma,21,"Dedham town, Norfolk County, Massachusetts",25111,0.824499223,0.060849827,0.061048943,0.039066545,0.001513281,43.1,85558,0.472499726,0.21212562,0.092284851
ma,21,"Dover town, Norfolk County, Massachusetts",5727,0.842151214,0.035620744,0.028287061,0.079099005,0.001571503,44.5,176250,0.836756757,0.151330281,0.071834682
ma,21,"Foxborough town, Norfolk County, Massachusetts",17129,0.913830346,0.013252379,0.02335221,0.039698756,0.000408664,41.9,94538,0.470973154,0.211853954,0.084781651
ma,21,"Franklin Town city, Norfolk County, Massachusetts",32393,0.907757849,0.008952551,0.030809125,0.039483839,0.000833513,38.6,101980,0.514777002,0.206416568,0.077235914
ma,21,"Holbrook town, Norfolk County, Massachusetts",10925,0.794050343,0.082379863,0.083203661,0.027185355,0.001647597,44.9,63297,0.244922485,0.258504467,0.114538605
ma,21,"Medfield town, Norfolk County, Massachusetts",12236,0.911082053,0.000653808,0.043559987,0.034324943,0.001389343,43,143641,0.678222778,0.174907767,0.076006081
ma,21,"Medway town, Norfolk County, Massachusetts",12965,0.902506749,0.004473583,0.038102584,0.039105283,0,41.7,109841,0.524222453,0.201523195,0.081735578
ma,21,"Millis town, Norfolk County, Massachusetts",8007,0.931434994,0.000499563,0.035718746,0.028475084,0,42.3,96773,0.467027027,0.211698271,0.085494991
ma,21,"Milton town, Norfolk County, Massachusetts",27204,0.744265549,0.137001911,0.045765329,0.057895898,0.000330834,38.1,113087,0.625627695,0.192804722,0.07913791
ma,21,"Needham town, Norfolk County, Massachusetts",29540,0.865233582,0.021462424,0.025321598,0.066689235,0,42.9,129154,0.741148662,0.165635221,0.072997674
ma,21,"Norfolk town, Norfolk County, Massachusetts",11529,0.856535693,0.075722092,0.047879261,0.011622864,0.001474542,42.6,143682,0.515052197,0.207122567,0.089108943
ma,21,"Norwood town, Norfolk County, Massachusetts",28844,0.815732908,0.043475246,0.047462211,0.062508667,0.000138677,40.6,79963,0.428917296,0.221063758,0.088208198
ma,21,"Plainville town, Norfolk County, Massachusetts",8581,0.9381191,0.002563804,0.003263023,0.030416035,0.000815756,41.1,78516,0.393063584,0.228091041,0.086002537
ma,21,"Quincy city, Norfolk County, Massachusetts",92920,0.631844598,0.056575549,0.030693069,0.258136031,0.001883341,38.2,62710,0.400443375,0.220857368,0.085720391
ma,21,"Randolph town, Norfolk County, Massachusetts",33135,0.377123887,0.431205674,0.067692772,0.11051758,0.001116644,41,63259,0.293683984,0.271217996,0.132523023
ma,21,"Sharon town, Norfolk County, Massachusetts",17879,0.744057274,0.042004586,0.025225124,0.166284468,0.001006768,43.5,127413,0.723984143,0.165045057,0.075976364
ma,21,"Stoughton town, Norfolk County, Massachusetts",27833,0.808608486,0.108360579,0.029245859,0.025832645,0.003628786,43.2,74688,0.342267634,0.242415652,0.102546557
ma,21,"Walpole town, Norfolk County, Massachusetts",24571,0.900858736,0.027023727,0.019087542,0.036302959,0.000162794,43.3,90332,0.475642878,0.210698475,0.087598519
ma,21,"Wellesley town, Norfolk County, Massachusetts",28858,0.797837688,0.02034098,0.048894587,0.108011643,0.000797006,37,159615,0.821517259,0.156480036,0.062429448
ma,21,"Westwood town, Norfolk County, Massachusetts",14809,0.89337565,0.003376325,0.027483287,0.065163077,0,45.1,128813,0.699257058,0.169423031,0.077455767
ma,21,"Weymouth Town city, Norfolk County, Massachusetts",54815,0.86330384,0.038219465,0.025430995,0.049420779,0.000948645,42.4,69099,0.320163045,0.242391293,0.096531526
ma,21,"Wrentham town, Norfolk County, Massachusetts",11169,0.976810816,0.002148805,0.009938222,0.006177814,0,44.2,99302,0.480514316,0.209221126,0.08671744
ma,23,"Abington town, Plymouth County, Massachusetts",16081,0.933026553,0.023630371,0.017474038,0.021640445,0.002114296,39.5,81500,0.304193003,0.249808168,0.090638235
ma,23,"Bridgewater town, Plymouth County, Massachusetts",26931,0.85221492,0.071219041,0.040176748,0.012439196,0.000519847,35.7,88481,0.34611244,0.247572166,0.085815713
ma,23,"Brockton city, Plymouth County, Massachusetts",94267,0.433799739,0.390910923,0.100183521,0.017185229,0.002376229,35.9,48569,0.18137068,0.307967679,0.12759467
ma,23,"Carver town, Plymouth County, Massachusetts",11541,0.95043757,0.024001386,0.002859371,0.006758513,0,44.3,72804,0.223588121,0.263855559,0.104072259
ma,23,"Duxbury town, Plymouth County, Massachusetts",15208,0.964426618,0.007627564,0.012493425,0.008153603,0.000328774,45.4,120253,0.638902694,0.181178305,0.080581217
ma,23,"East Bridgewater town, Plymouth County, Massachusetts",13996,0.955844527,0.002572163,0.016861961,0.012146328,0.001500429,43,88534,0.239852399,0.259451596,0.099719178
ma,23,"Halifax town, Plymouth County, Massachusetts",7629,0.942325338,0,0.036964215,0,0,44,69917,0.23193845,0.259930782,0.103237942
ma,23,"Hanover town, Plymouth County, Massachusetts",14120,0.954674221,0.00276204,0.009490085,0.016076487,0,40.8,98750,0.459424507,0.215925887,0.082120404
ma,23,"Hanson town, Plymouth County, Massachusetts",10316,0.936603335,0.018514928,0.020550601,0.005331524,0.001841799,42,93771,0.283586449,0.252054118,0.09639801
ma,23,"Hingham town, Plymouth County, Massachusetts",22550,0.953658537,0.004257206,0.009667406,0.02075388,0.000709534,43.8,103350,0.638483778,0.181940548,0.077736619
ma,23,"Hull town, Plymouth County, Massachusetts",10324,0.925319644,0.007652073,0.0310926,0.008717551,0.011623402,50,77440,0.405750799,0.217792529,0.10542343
ma,23,"Kingston town, Plymouth County, Massachusetts",12846,0.924567959,0.020395454,0.020862525,0.01113187,0.001868286,43.8,86339,0.395624225,0.226415163,0.09304028
ma,23,"Lakeville town, Plymouth County, Massachusetts",10933,0.95326077,0.008689289,0.019848166,0.006859965,0,43.8,82418,0.337162704,0.237837779,0.095565006
ma,23,"Marion town, Plymouth County, Massachusetts",4935,0.912056738,0.01195542,0.015197568,0.010942249,0,48.7,76607,0.462359704,0.208613359,0.097126596
ma,23,"Marshfield town, Plymouth County, Massachusetts",25430,0.944121117,0.00173024,0.009594967,0.009319701,0.001926858,43.3,89702,0.476612534,0.210668353,0.085499706
ma,23,"Mattapoisett town, Plymouth County, Massachusetts",6138,0.972792441,0.005050505,0.001466276,0.007331378,0.002769632,45.7,78216,0.48338015,0.207724118,0.08917543
ma,23,"Middleborough town, Plymouth County, Massachusetts",23541,0.940316894,0.021324498,0.016057092,0.009770188,0.000509749,41.6,75727,0.282931522,0.252678989,0.095466613
ma,23,"Norwell town, Plymouth County, Massachusetts",10651,0.956342127,0.002159422,0.010797108,0.012580978,0,44.2,110671,0.55569746,0.195538073,0.082597816
ma,23,"Pembroke town, Plymouth County, Massachusetts",18006,0.945851383,0.003276686,0.024880595,0.005331556,0.001277352,40.5,89954,0.336223984,0.241137253,0.089510558
ma,23,"Plymouth town, Plymouth County, Massachusetts",57414,0.921151635,0.020430557,0.022921239,0.008935103,0.003831818,43.7,76925,0.345743908,0.236793171,0.096257391
ma,23,"Plympton town, Plymouth County, Massachusetts",2840,0.971478873,0,0.018309859,0.005633803,0,45.3,94505,0.32750243,0.23787039,0.098367078
ma,23,"Rochester town, Plymouth County, Massachusetts",5348,0.90407629,0.007666417,0.017389678,0.032348542,0,42.4,94688,0.40433213,0.224341562,0.088701827
ma,23,"Rockland town, Plymouth County, Massachusetts",17616,0.91263624,0.039225704,0.011410082,0.009480018,0.001192098,40.6,66860,0.24562659,0.263663357,0.096977734
ma,23,"Scituate town, Plymouth County, Massachusetts",18240,0.939199561,0.005208333,0.013486842,0.006195175,0.003289474,45.6,102577,0.550364848,0.195698937,0.085890256
ma,23,"Wareham town, Plymouth County, Massachusetts",22247,0.862318515,0.019283499,0.017530454,0.012001618,0,46.1,62560,0.212873111,0.263162635,0.109302713
ma,23,"West Bridgewater town, Plymouth County, Massachusetts",6981,0.865348804,0.070620255,0.04283054,0.002148689,0.001718951,42.4,81573,0.298194036,0.251233276,0.101590266
ma,23,"Whitman town, Plymouth County, Massachusetts",14643,0.942634706,0.007170662,0.019463225,0.012770607,0,38.4,76494,0.2729643,0.257272324,0.089273499
ma,25,"Boston city, Suffolk County, Massachusetts",639594,0.460342029,0.250693409,0.18373218,0.09153463,0.003932182,31.3,54485,0.445912245,0.233941466,0.092833882
ma,25,"Chelsea city, Suffolk County, Massachusetts",37084,0.248624744,0.064232553,0.628033653,0.032628627,0.002265128,31.5,48725,0.163727749,0.273652194,0.128959956
ma,25,"Revere city, Suffolk County, Massachusetts",53258,0.613879605,0.051691765,0.262007586,0.059371362,0.001802546,38.5,50900,0.18966884,0.268973091,0.114352063
ma,25,"Winthrop Town city, Suffolk County, Massachusetts",17992,0.875111161,0.016896398,0.086983104,0.007003112,0,42.7,64169,0.351761397,0.234472185,0.09725304
ma,27,"Ashburnham town, Worcester County, Massachusetts",6133,0.954834502,0.011902821,0.00978314,0,0,43.6,85662,0.359628217,0.234218391,0.093418473
ma,27,"Athol town, Worcester County, Massachusetts",11617,0.900060257,0.002754584,0.071877421,0.00929672,0.001635534,42.7,47122,0.150515211,0.279319583,0.108883786
ma,27,"Auburn town, Worcester County, Massachusetts",16294,0.926046397,0.028108506,0.032465938,0.009021726,0.000368234,45.1,72695,0.348775475,0.234791401,0.099651153
ma,27,"Barre town, Worcester County, Massachusetts",5414,0.966014038,0.002401182,0.013114149,0.017731806,0.001292944,42.1,66250,0.22070693,0.26468748,0.098892458
ma,27,"Berlin town, Worcester County, Massachusetts",2917,0.947548852,0.004456634,0.028111073,0.018169352,0,45.8,88681,0.474442379,0.207987042,0.091125363
ma,27,"Blackstone town, Worcester County, Massachusetts",9055,0.921148537,0.016454997,0.044505798,0.00585312,0,42.8,72699,0.275701684,0.251946571,0.0996462
ma,27,"Bolton town, Worcester County, Massachusetts",5019,0.930264993,0.002590157,0.036062961,0.021916716,0,42.7,144461,0.661543098,0.178425188,0.076017491
ma,27,"Boylston town, Worcester County, Massachusetts",4399,0.930211412,0.010229598,0.014321437,0.025005683,0,44.1,102422,0.536360749,0.198774607,0.084188396
ma,27,"Brookfield town, Worcester County, Massachusetts",3396,0.963780919,0.003239105,0.000294464,0.004122497,0.002355713,43.4,63889,0.296646943,0.247376892,0.095967411
ma,27,"Charlton town, Worcester County, Massachusetts",13126,0.969983239,0.006094774,0.008761237,0.004342526,0.000380923,42.2,91287,0.331629819,0.24099378,0.092067845
ma,27,"Clinton town, Worcester County, Massachusetts",13675,0.821864717,0.017404022,0.111297989,0.013820841,0.006215722,41.1,64867,0.341869793,0.237349533,0.096916959
ma,27,"Douglas town, Worcester County, Massachusetts",8578,0.938214036,0.00431336,0.03742131,0.001398927,0,39.8,84616,0.354200988,0.237937997,0.087882654
ma,27,"Dudley town, Worcester County, Massachusetts",11633,0.923665435,0.020029227,0.022006361,0.00696295,0.001633285,35.9,68053,0.287667411,0.25791538,0.085188311
ma,27,"East Brookfield town, Worcester County, Massachusetts",2263,0.960229783,0.007512152,0.010605391,0.002651348,0.008395935,43.5,71020,0.27244582,0.252829701,0.099274644
ma,27,"Fitchburg city, Worcester County, Massachusetts",40419,0.665998664,0.038496747,0.238798585,0.043568619,0.00235038,33.9,46628,0.205984203,0.271342283,0.100644927
ma,27,"Gardner city, Worcester County, Massachusetts",20279,0.866019034,0.020168647,0.080428029,0.013462202,0.004980522,40,46589,0.174093922,0.277668518,0.103821539
ma,27,"Grafton town, Worcester County, Massachusetts",18047,0.843187233,0.029367762,0.034798027,0.070094753,0,39.7,81250,0.48543769,0.210385827,0.081903247
ma,27,"Hardwick town, Worcester County, Massachusetts",3006,0.928809049,0,0.045575516,0.005655356,0.005322688,47.8,59148,0.261031119,0.248782295,0.110546476
ma,27,"Harvard town, Worcester County, Massachusetts",6558,0.805885941,0.074565416,0.059621836,0.03400427,0.008539189,45.3,131563,0.624947056,0.184775117,0.088774205
ma,27,"Holden town, Worcester County, Massachusetts",17802,0.927873273,0.01168408,0.021233569,0.028985507,0.001741377,41.8,97972,0.514043109,0.204544646,0.082159959
ma,27,"Hopedale town, Worcester County, Massachusetts",5934,0.928041793,0.003033367,0.055106168,0.013818672,0,41.5,99886,0.404915591,0.224692701,0.08888629
ma,27,"Hubbardston town, Worcester County, Massachusetts",4452,0.968104223,0.025606469,0,0.002021563,0,43.6,83438,0.266600595,0.255293921,0.099705921
ma,27,"Lancaster town, Worcester County, Massachusetts",8026,0.843633192,0.065287815,0.061176177,0.013456267,0.003862447,37.1,81833,0.339795369,0.24646442,0.089732397
ma,27,"Leicester town, Worcester County, Massachusetts",11147,0.915672378,0.010675518,0.053826142,0.012918274,0.003319279,42.1,68790,0.268993322,0.25327179,0.099171396
ma,27,"Leominster city, Worcester County, Massachusetts",40954,0.750598232,0.051496801,0.150583582,0.025638521,0.002344093,41.4,59263,0.263907478,0.254086308,0.107575959
ma,27,"Lunenburg town, Worcester County, Massachusetts",10797,0.909511901,0.016115588,0.043993702,0.017041771,0,44.5,71055,0.354918891,0.232670636,0.097846331
ma,27,"Mendon town, Worcester County, Massachusetts",5895,0.90754877,0.006615776,0.05072095,0.013401187,0.004410517,43.6,112104,0.506322711,0.204066309,0.0871537
ma,27,"Milford town, Worcester County, Massachusetts",28203,0.814665107,0.029394036,0.085203702,0.02730206,0.003013864,38.7,68007,0.346274168,0.239647899,0.091091087
ma,27,"Millbury town, Worcester County, Massachusetts",13350,0.927940075,0.011535581,0.0317603,0.025243446,0.000599251,43,71676,0.307878405,0.243772674,0.09686134
ma,27,"Millville town, Worcester County, Massachusetts",3208,0.933915212,0.012468828,0.027743142,0.009663342,0,41.2,88281,0.26794932,0.255514876,0.095651873
ma,27,"New Braintree town, Worcester County, Massachusetts",1109,0.978358882,0.006311993,0.011722272,0.003606853,0,42.5,81136,0.32464146,0.242112296,0.093206175
ma,27,"Northborough town, Worcester County, Massachusetts",14644,0.842939088,0.014818356,0.037284895,0.088432122,0,42.6,107111,0.547135496,0.195180667,0.082598876
ma,27,"Northbridge town, Worcester County, Massachusetts",16100,0.93757764,0.002608696,0.025031056,0.014161491,0,39.5,70399,0.301705658,0.249100656,0.089577715
ma,27,"North Brookfield town, Worcester County, Massachusetts",4715,0.965853659,0.017603393,0.005726405,0.004878049,0,41.5,58438,0.249919068,0.260580706,0.096390353
ma,27,"Oakham town, Worcester County, Massachusetts",1791,0.986041318,0,0.00614182,0,0.002233389,44.4,80577,0.336538462,0.237636486,0.095503388
ma,27,"Oxford town, Worcester County, Massachusetts",13772,0.923830961,0.004792332,0.046906767,0.003703166,0.003049666,40.9,70016,0.27018536,0.254669917,0.095842556
ma,27,"Paxton town, Worcester County, Massachusetts",4839,0.84066956,0.032031411,0.107046911,0.004959702,0,38.5,99375,0.530632091,0.204430451,0.081453516
ma,27,"Petersham town, Worcester County, Massachusetts",1277,0.95614722,0.006264683,0.006264683,0.020360219,0,47.4,65625,0.408076514,0.21954408,0.097058875
ma,27,"Phillipston town, Worcester County, Massachusetts",1647,0.941712204,0,0.034001214,0.007893139,0,44.2,78490,0.204507513,0.265692212,0.105333325
ma,27,"Princeton town, Worcester County, Massachusetts",3432,0.911421911,0.01048951,0.060314685,0.013403263,0,45,114688,0.629387755,0.181861607,0.083086552
ma,27,"Royalston town, Worcester County, Massachusetts",1230,0.959349593,0.002439024,0.015447154,0.009756098,0.008943089,44.6,60568,0.178372352,0.272407272,0.107922426
ma,27,"Rutland town, Worcester County, Massachusetts",8188,0.939179287,0.006106497,0.028578407,0.017342452,0,40.8,91033,0.407759883,0.225567293,0.086209733
ma,27,"Shrewsbury town, Worcester County, Massachusetts",36114,0.751066069,0.027828543,0.034584926,0.164036108,0.000803013,39.7,97365,0.55163612,0.194448891,0.078390111
ma,27,"Southborough town, Worcester County, Massachusetts",9869,0.809504509,0.017428311,0.009119465,0.148343297,0,42.3,149375,0.691943128,0.170556507,0.073487648
ma,27,"Southbridge Town city, Worcester County, Massachusetts",16775,0.611564829,0.025275708,0.323934426,0.029031297,0.002980626,38.8,42376,0.174198634,0.270190773,0.118636216
ma,27,"Spencer town, Worcester County, Massachusetts",11746,0.934956581,0.004341904,0.050655542,0.00349055,0.007491912,41.3,60943,0.245539507,0.259811792,0.098837919
ma,27,"Sterling town, Worcester County, Massachusetts",7870,0.947649301,0.008767471,0.025285896,0.011562897,0.003811944,45.2,90455,0.48573991,0.207174467,0.089849279
ma,27,"Sturbridge town, Worcester County, Massachusetts",9363,0.943607818,0.002883691,0.033643063,0.011534764,0.001815657,42.6,79711,0.432245149,0.219032124,0.088201153
ma,27,"Sutton town, Worcester County, Massachusetts",9078,0.980722626,0.006389072,0.000110156,0.004406257,0,43.8,111804,0.447854785,0.216280182,0.087614148
ma,27,"Templeton town, Worcester County, Massachusetts",8091,0.990730441,0.000988753,0.003337041,0,0,43.8,68929,0.170275934,0.275880467,0.1048607
ma,27,"Upton town, Worcester County, Massachusetts",7641,0.921214501,0.00222484,0.012956419,0.02643633,0,42.2,111979,0.479487179,0.210259214,0.083516607
ma,27,"Uxbridge town, Worcester County, Massachusetts",13609,0.953486663,0.005878463,0.012050849,0.019545889,0,40.9,86768,0.3434697,0.238951443,0.089134587
ma,27,"Warren town, Worcester County, Massachusetts",5153,0.989132544,0.000194062,0.008150592,0,0,40.2,42538,0.161793372,0.282143529,0.09831444
ma,27,"Webster town, Worcester County, Massachusetts",16806,0.828454124,0.036475068,0.0883613,0.027549685,0,41.5,48650,0.222249855,0.264277042,0.104984328
ma,27,"Westborough town, Worcester County, Massachusetts",18481,0.706834046,0.029381527,0.065364428,0.182782317,0.002813701,42,100552,0.603636924,0.182571577,0.081197501
ma,27,"West Boylston town, Worcester County, Massachusetts",7792,0.862808008,0.058393224,0.049024641,0.006416838,0.000898357,38.1,73365,0.329581994,0.247811847,0.090702757
ma,27,"West Brookfield town, Worcester County, Massachusetts",3738,0.930444088,0.034242911,0.009095773,0.008025682,0,44.5,57381,0.305904059,0.245596988,0.100186546
ma,27,"Westminster town, Worcester County, Massachusetts",7361,0.96562967,0.009102024,0.016302133,0,0.002852873,44.8,87273,0.408891433,0.222849703,0.093123905
ma,27,"Winchendon town, Worcester County, Massachusetts",10466,0.90531244,0.005541754,0.031912861,0.032295051,0.002006497,44.5,59332,0.199651147,0.265598949,0.106836367
ma,27,"Worcester city, Worcester County, Massachusetts",182511,0.590567144,0.123428177,0.205286257,0.067404156,0.003254598,33.5,46105,0.300672794,0.255404562,0.098099374